source,target,name
Customer1,Customer2,arc_to_Customer
Customer1,Customer3,arc_to_Customer
Customer1,Customer4,arc_to_Customer
Customer2,Customer1,arc_to_Customer
Customer2,Customer3,arc_to_Customer
Customer3,Customer1,arc_to_Customer
Customer3,Customer2,arc_to_Customer
Customer4,Customer1,arc_to_Customer
Customer5,Customer6,arc_to_Customer
Customer6,Customer5,arc_to_Customer
Customer7,Customer8,arc_to_Customer
Customer7,Customer9,arc_to_Customer
Customer8,Customer7,arc_to_Customer
Customer8,Customer9,arc_to_Customer
Customer9,Customer7,arc_to_Customer
Customer9,Customer8,arc_to_Customer
